internal_txn_id,transaction_date,amount,account_last4,merchant_descriptor,nacha_return_code,card_number_masked,mcc,merchant_number
TXN-21B8901398,2026-06-01,137.36,4012,TRAVEL PLAZA 12,,504987******4012,5541,MID700003
TXN-9C0CB52F51,2026-06-23,104.92,3611,PANTRY PLUS 77,,485006******3611,5499,MID700007
TXN-B8F68D9D9B,2026-06-28,71.75,4333,FUEL STOP #4471,,492525******4333,5541,MID700000
TXN-D67D25ABA1,2026-06-08,142.56,1307,TRAVEL PLAZA 12,,469974******1307,5541,MID700003
TXN-6FA8ADC305,2026-06-18,135.31,2677,PANTRY PLUS 77,,786133******2677,5499,MID700007
TXN-37EA22B8B6,2026-06-07,165.67,9292,CORNER STORE 3,,941259******9292,5499,MID700005
TXN-101AC616F8,2026-06-12,51.19,2266,PANTRY PLUS 77,,343814******2266,5499,MID700007
TXN-A167FE482E,2026-06-28,170.5,1876,EXPRESS FUEL 8,R29,728198******1876,5542,MID700004
TXN-2C8C8050EE,2026-06-10,153.88,8317,TRAVEL PLAZA 12,,740750******8317,5541,MID700003
TXN-171CC2784D,2026-06-10,54.51,3946,QUIKMART 0092,,488855******3946,5499,MID700001
TXN-6A5E731089,2026-06-07,168.27,3295,EXPRESS FUEL 8,,793267******3295,5542,MID700004
TXN-ED13A32E97,2026-06-23,119.13,3750,QUIKMART 0092,,512254******3750,5499,MID700001
TXN-A56D0AA0BC,2026-06-26,82.16,1545,QUIKMART 0092,,276165******1545,5499,MID700001
TXN-643E7D80FD,2026-06-07,46.38,7350,HWY60 FUEL CTR,,302870******7350,5542,MID700002
TXN-73606F4C76,2026-06-30,139.34,3872,HWY60 FUEL CTR,R08,165593******3872,5542,MID700002
TXN-4F98B098D2,2026-06-26,106.7,7973,HWY60 FUEL CTR,R04,203570******7973,5542,MID700002
TXN-D6F9901A95,2026-06-03,155.47,1122,QUIKMART 0092,R16,112195******1122,5499,MID700001
TXN-6A45C17FF1,2026-06-22,133.17,3910,EXPRESS FUEL 8,,682645******3910,5542,MID700004
TXN-E52DB9FA0D,2026-06-09,36.86,5718,QUIKMART 0092,,223473******5718,5499,MID700001
TXN-11849B3A47,2026-06-22,32.09,2200,EXPRESS FUEL 8,,565681******2200,5542,MID700004
TXN-052F27B81F,2026-06-28,23.38,6939,EXPRESS FUEL 8,,700505******6939,5542,MID700004
TXN-605EF05AA5,2026-06-05,105.02,6049,HWY60 FUEL CTR,,558694******6049,5542,MID700002
TXN-DFCE0B5ECD,2026-06-28,82.05,2532,TRAVEL PLAZA 12,,101059******2532,5541,MID700003
TXN-DD3D74C303,2026-06-09,41.27,1771,GAS N GO 214,,569820******1771,5541,MID700006
TXN-A6F8F1F2F4,2026-06-28,26.45,4573,CORNER STORE 3,,504965******4573,5499,MID700005
TXN-98694B0E8B,2026-06-14,72.04,5139,GAS N GO 214,,435064******5139,5541,MID700006
TXN-FE9A1E8A5B,2026-06-22,47.51,7066,QUIKMART 0092,,191450******7066,5499,MID700001
TXN-9480469A77,2026-06-07,84.37,6211,HWY60 FUEL CTR,,712781******6211,5542,MID700002
TXN-4A91F34C20,2026-06-16,145.97,2780,QUIKMART 0092,,464669******2780,5499,MID700001
TXN-6A3B73A0CC,2026-06-20,155.21,1193,PANTRY PLUS 77,,497636******1193,5499,MID700007
TXN-03D7CAF9FE,2026-06-14,51.11,8486,PANTRY PLUS 77,,442454******8486,5499,MID700007
TXN-EB743AC8A4,2026-06-24,162.18,6991,PANTRY PLUS 77,,657489******6991,5499,MID700007
TXN-E126236570,2026-06-10,53.69,5502,CORNER STORE 3,,212277******5502,5499,MID700005
TXN-DC605CDF6B,2026-06-13,164.3,9569,FUEL STOP #4471,,701296******9569,5541,MID700000
TXN-476ACBDEF8,2026-06-20,163.14,7999,TRAVEL PLAZA 12,,807334******7999,5541,MID700003
TXN-A270635C6C,2026-06-19,108.12,0444,QUIKMART 0092,,906005******0444,5499,MID700001
TXN-B0F31F003D,2026-06-09,152.76,7705,FUEL STOP #4471,,840510******7705,5541,MID700000
TXN-7459FBC249,2026-06-08,35.83,1874,TRAVEL PLAZA 12,,883226******1874,5541,MID700003
TXN-F39D3B4ACC,2026-06-19,126.76,6149,GAS N GO 214,,205142******6149,5541,MID700006
TXN-1A06765E72,2026-06-02,72.29,7018,CORNER STORE 3,,138440******7018,5499,MID700005
TXN-7D953E47C9,2026-06-17,174.3,4425,PANTRY PLUS 77,,285774******4425,5499,MID700007
TXN-75449E8833,2026-06-11,19.74,5325,HWY60 FUEL CTR,,515142******5325,5542,MID700002
TXN-70463A585F,2026-06-18,140.1,7800,PANTRY PLUS 77,,434214******7800,5499,MID700007
TXN-41318C237B,2026-06-12,130.97,4438,EXPRESS FUEL 8,,356836******4438,5542,MID700004
TXN-32084F8B2D,2026-06-17,113.47,1647,TRAVEL PLAZA 12,R05,902221******1647,5541,MID700003
TXN-75F4D1179A,2026-06-28,17.02,4658,PANTRY PLUS 77,,448745******4658,5499,MID700007
TXN-F1C9C3877D,2026-06-26,107.87,4978,QUIKMART 0092,,830900******4978,5499,MID700001
TXN-F33A221079,2026-06-10,108.82,0986,QUIKMART 0092,,953243******0986,5499,MID700001
TXN-134C9C3132,2026-06-08,62.54,4632,PANTRY PLUS 77,,294308******4632,5499,MID700007
TXN-9DE7746487,2026-06-05,26.78,2718,EXPRESS FUEL 8,,780663******2718,5542,MID700004
TXN-03AD90CD9C,2026-06-29,86.28,5280,EXPRESS FUEL 8,,998767******5280,5542,MID700004
TXN-F6DF765126,2026-06-17,122.5,4557,HWY60 FUEL CTR,,994343******4557,5542,MID700002
TXN-755F68FA86,2026-06-22,170.96,9012,FUEL STOP #4471,,680082******9012,5541,MID700000
TXN-C38E7B1F93,2026-06-12,117.73,8167,PANTRY PLUS 77,,595012******8167,5499,MID700007
TXN-3D1FA2E4B6,2026-06-18,17.26,6684,QUIKMART 0092,,545288******6684,5499,MID700001
TXN-6E8ED4C6E8,2026-06-16,55.22,9031,HWY60 FUEL CTR,,238041******9031,5542,MID700002
TXN-D775C6EDF3,2026-06-10,134.8,9616,PANTRY PLUS 77,,245360******9616,5499,MID700007
TXN-BBC6ADF708,2026-06-28,142.96,0715,CORNER STORE 3,,691923******0715,5499,MID700005
TXN-87B6A27F5B,2026-06-28,31.56,7213,QUIKMART 0092,,580243******7213,5499,MID700001
TXN-FAE7893A43,2026-06-28,69.21,8742,GAS N GO 214,,951673******8742,5541,MID700006
TXN-240505636A,2026-06-04,140.46,1646,PANTRY PLUS 77,,129766******1646,5499,MID700007
TXN-793A7AE748,2026-06-06,28.03,6267,TRAVEL PLAZA 12,,952885******6267,5541,MID700003
TXN-B74FD1654B,2026-06-12,177.96,4901,GAS N GO 214,,616142******4901,5541,MID700006
TXN-9AB097E4C9,2026-06-27,123.61,4497,FUEL STOP #4471,,716138******4497,5541,MID700000
TXN-AEA479B14B,2026-06-21,46.37,4106,HWY60 FUEL CTR,,119151******4106,5542,MID700002
TXN-D4D7CB51F2,2026-06-05,144.77,5994,EXPRESS FUEL 8,,185346******5994,5542,MID700004
TXN-C087AA9DF1,2026-06-28,126.59,6511,CORNER STORE 3,R02,198817******6511,5499,MID700005
TXN-E31DE462F4,2026-06-01,117.23,9198,CORNER STORE 3,,705320******9198,5499,MID700005
TXN-65FB89BEAD,2026-06-04,53.74,8807,HWY60 FUEL CTR,,817777******8807,5542,MID700002
TXN-7FD1A8F563,2026-06-09,20.4,6070,TRAVEL PLAZA 12,,464085******6070,5541,MID700003
TXN-A90C3291C3,2026-06-28,150.99,1501,TRAVEL PLAZA 12,,236315******1501,5541,MID700003
TXN-4FF8C1D25C,2026-06-28,53.44,2417,FUEL STOP #4471,,805214******2417,5541,MID700000
TXN-B8B7C818F0,2026-06-01,43.75,0858,HWY60 FUEL CTR,,112678******0858,5542,MID700002
TXN-A0FD61B7E5,2026-06-28,123.72,4941,PANTRY PLUS 77,,564610******4941,5499,MID700007
TXN-69486C1AE8,2026-06-05,60.38,9590,CORNER STORE 3,,270497******9590,5499,MID700005
TXN-57616A52E1,2026-06-14,89.51,3743,GAS N GO 214,,489129******3743,5541,MID700006
TXN-898515ACDB,2026-06-03,86.26,6105,HWY60 FUEL CTR,,823889******6105,5542,MID700002
TXN-A31D5C9CDF,2026-06-20,66.55,1697,TRAVEL PLAZA 12,R03,945927******1697,5541,MID700003
TXN-9AB04CE522,2026-06-20,126.37,9121,FUEL STOP #4471,,190065******9121,5541,MID700000
TXN-B3655BC910,2026-06-03,38.41,0502,QUIKMART 0092,,939774******0502,5499,MID700001
TXN-76963851A9,2026-06-20,23.21,1336,EXPRESS FUEL 8,,446999******1336,5542,MID700004
TXN-0432450B26,2026-06-10,22.49,6475,FUEL STOP #4471,,627182******6475,5541,MID700000
TXN-6B671566A4,2026-06-17,107.19,5802,QUIKMART 0092,,179393******5802,5499,MID700001
TXN-1D39864552,2026-06-11,43.36,7538,CORNER STORE 3,,105553******7538,5499,MID700005
TXN-5FA21422C1,2026-06-04,102.55,3176,CORNER STORE 3,,990525******3176,5499,MID700005
TXN-E9A9DA2174,2026-06-21,96.53,9236,PANTRY PLUS 77,R16,617620******9236,5499,MID700007
TXN-7054AF1969,2026-06-02,73.07,1215,EXPRESS FUEL 8,,785736******1215,5542,MID700004
TXN-98F7CDF1A0,2026-06-24,162.82,7368,TRAVEL PLAZA 12,R07,757627******7368,5541,MID700003
TXN-5E6CA0A558,2026-06-15,101.47,9991,HWY60 FUEL CTR,,221914******9991,5542,MID700002
TXN-5925FB69F4,2026-06-09,134.42,9874,HWY60 FUEL CTR,,771070******9874,5542,MID700002
TXN-A65523F732,2026-06-26,69.2,2093,QUIKMART 0092,,126629******2093,5499,MID700001
TXN-AE9922B9EB,2026-06-28,145.04,8317,FUEL STOP #4471,,740750******8317,5541,MID700000
TXN-9CC33FCE3A,2026-06-12,126.6,3891,PANTRY PLUS 77,,643085******3891,5499,MID700007
TXN-86239D075E,2026-06-15,91.18,4616,GAS N GO 214,,816306******4616,5541,MID700006
TXN-C4E26F3750,2026-06-17,155.44,4670,QUIKMART 0092,,560900******4670,5499,MID700001
TXN-50EDAC24DB,2026-06-17,76.7,6326,QUIKMART 0092,,559259******6326,5499,MID700001
TXN-032F96C313,2026-06-23,92.4,0086,QUIKMART 0092,,226010******0086,5499,MID700001
TXN-908326936A,2026-06-20,90.42,1816,PANTRY PLUS 77,,619489******1816,5499,MID700007
TXN-67AF40C5BA,2026-06-12,26.17,8618,FUEL STOP #4471,,339518******8618,5541,MID700000
TXN-55ADAF722B,2026-06-24,139.85,2185,FUEL STOP #4471,,196473******2185,5541,MID700000
TXN-546D70A4D0,2026-06-02,63.42,0717,TRAVEL PLAZA 12,R01,571923******0717,5541,MID700003
TXN-EBE6F77E8C,2026-06-09,35.54,6029,GAS N GO 214,,548395******6029,5541,MID700006
TXN-51A496B50D,2026-06-03,86.05,2956,EXPRESS FUEL 8,,198251******2956,5542,MID700004
TXN-A68B20DA72,2026-06-14,60.3,0939,QUIKMART 0092,,954720******0939,5499,MID700001
TXN-9AF5C986A3,2026-06-21,75.44,6272,FUEL STOP #4471,,430727******6272,5541,MID700000
TXN-E1CB39BF32,2026-06-24,45.7,8482,GAS N GO 214,,513300******8482,5541,MID700006
TXN-CFFAB8442B,2026-06-06,163.28,7292,QUIKMART 0092,,843062******7292,5499,MID700001
TXN-132C085C89,2026-06-06,145.96,8335,TRAVEL PLAZA 12,,418944******8335,5541,MID700003
TXN-CD1FA7A5EC,2026-06-10,80.7,7842,GAS N GO 214,,604069******7842,5541,MID700006
TXN-8DD842E3F8,2026-06-06,141.68,2114,GAS N GO 214,,224762******2114,5541,MID700006
TXN-24882F2AB9,2026-06-03,56.35,9024,EXPRESS FUEL 8,,247429******9024,5542,MID700004
TXN-0A9AC6A7A4,2026-06-19,21.8,0464,QUIKMART 0092,,647406******0464,5499,MID700001
TXN-1077395BBD,2026-06-16,55.4,6653,EXPRESS FUEL 8,R09,860914******6653,5542,MID700004
TXN-31720FD6FE,2026-06-05,140.51,8437,QUIKMART 0092,R07,121996******8437,5499,MID700001
TXN-C78740F8F3,2026-06-30,110.32,5123,TRAVEL PLAZA 12,,598712******5123,5541,MID700003
TXN-4012456008,2026-06-02,61.42,9789,PANTRY PLUS 77,,829678******9789,5499,MID700007
TXN-C4FA1F6C5F,2026-06-10,27.13,8261,PANTRY PLUS 77,,358938******8261,5499,MID700007
TXN-0257798592,2026-06-07,114.41,6576,FUEL STOP #4471,,341073******6576,5541,MID700000
TXN-8879705164,2026-06-24,154.03,9727,CORNER STORE 3,,228244******9727,5499,MID700005
TXN-4AF93078BC,2026-06-28,128.53,0436,PANTRY PLUS 77,,474948******0436,5499,MID700007
TXN-37663897DB,2026-06-27,127.32,0517,QUIKMART 0092,,999102******0517,5499,MID700001
TXN-852E55CBAB,2026-06-17,49.21,5325,PANTRY PLUS 77,,515142******5325,5499,MID700007
TXN-3F443B55EC,2026-06-07,172.96,4571,EXPRESS FUEL 8,,640445******4571,5542,MID700004
TXN-E65C20F1EA,2026-06-04,109.62,8899,GAS N GO 214,,302224******8899,5541,MID700006
TXN-EB2993A8A0,2026-06-07,48.34,8824,EXPRESS FUEL 8,,402846******8824,5542,MID700004
TXN-FF2AE7AC44,2026-06-23,92.95,2252,FUEL STOP #4471,,236015******2252,5541,MID700000
TXN-8BEE2E2EF6,2026-06-25,29.76,9406,TRAVEL PLAZA 12,,655835******9406,5541,MID700003
TXN-091F4F87FD,2026-06-30,138.59,4742,FUEL STOP #4471,,877608******4742,5541,MID700000
TXN-BAB054A39A,2026-06-07,148.45,5417,HWY60 FUEL CTR,,620236******5417,5542,MID700002
TXN-A225343CF4,2026-06-14,100.02,1421,GAS N GO 214,,626811******1421,5541,MID700006
TXN-01468EB41E,2026-06-01,58.16,5890,TRAVEL PLAZA 12,,655460******5890,5541,MID700003
TXN-2B96878A33,2026-06-20,51.44,2188,PANTRY PLUS 77,,455403******2188,5499,MID700007
TXN-85E1DE382D,2026-06-28,144.92,8609,PANTRY PLUS 77,,435971******8609,5499,MID700007
TXN-18C78707CB,2026-06-22,48.89,9554,PANTRY PLUS 77,,594200******9554,5499,MID700007
TXN-051FE1E06C,2026-06-27,15.5,3570,QUIKMART 0092,,921007******3570,5499,MID700001
TXN-F6DE6AA8A5,2026-06-24,121.57,6887,CORNER STORE 3,,138673******6887,5499,MID700005
TXN-DCF7B66372,2026-06-18,79.85,2086,TRAVEL PLAZA 12,,789842******2086,5541,MID700003
TXN-C6CE03109B,2026-06-29,134.63,1848,FUEL STOP #4471,,958932******1848,5541,MID700000
TXN-8CC2F3E99C,2026-06-24,22.3,7191,TRAVEL PLAZA 12,,429853******7191,5541,MID700003
TXN-6489B2A805,2026-06-08,64.79,2347,TRAVEL PLAZA 12,,556779******2347,5541,MID700003
TXN-642833D270,2026-06-13,144.66,5222,GAS N GO 214,,903488******5222,5541,MID700006
TXN-33AED1B34A,2026-06-14,106.95,2196,GAS N GO 214,,745853******2196,5541,MID700006
TXN-7D5F0EF1F7,2026-06-28,27.01,9626,TRAVEL PLAZA 12,,122216******9626,5541,MID700003
TXN-8C6854871F,2026-06-20,131.12,6498,TRAVEL PLAZA 12,,395677******6498,5541,MID700003
TXN-50DB089B43,2026-06-27,67.84,3328,CORNER STORE 3,,588840******3328,5499,MID700005
TXN-4DFA72C2B7,2026-06-19,152.5,8180,CORNER STORE 3,,276880******8180,5499,MID700005
TXN-D1D002A123,2026-06-18,178.4,0962,FUEL STOP #4471,,144257******0962,5541,MID700000
TXN-0860B848B6,2026-06-02,116.94,7916,PANTRY PLUS 77,,829286******7916,5499,MID700007
TXN-38D46569F3,2026-06-06,32.66,1578,HWY60 FUEL CTR,R04,207974******1578,5542,MID700002
TXN-667AB1DA5F,2026-06-28,28.3,0519,QUIKMART 0092,,817894******0519,5499,MID700001
TXN-EB94EA48A2,2026-06-29,102.15,0697,TRAVEL PLAZA 12,R04,585810******0697,5541,MID700003
TXN-CB6123D6E5,2026-06-01,173.64,9617,HWY60 FUEL CTR,,152163******9617,5542,MID700002
TXN-06D5CF6C04,2026-06-05,145.43,1284,CORNER STORE 3,,638616******1284,5499,MID700005
TXN-6AA19CB12B,2026-06-16,52.64,9060,GAS N GO 214,,187781******9060,5541,MID700006
TXN-1F7C116881,2026-06-24,79.29,5909,QUIKMART 0092,,549180******5909,5499,MID700001
TXN-D06CB8F38A,2026-06-18,30.36,9798,CORNER STORE 3,,260013******9798,5499,MID700005
TXN-1667143A93,2026-06-09,64.69,8079,HWY60 FUEL CTR,,388235******8079,5542,MID700002
TXN-D6D76DA949,2026-06-10,16.12,6483,CORNER STORE 3,,113794******6483,5499,MID700005
TXN-4B7936D619,2026-06-16,66.84,6524,CORNER STORE 3,,756207******6524,5499,MID700005
TXN-F7B74BDC67,2026-06-18,44.69,9012,FUEL STOP #4471,,680082******9012,5541,MID700000
TXN-C1F768EB8C,2026-06-08,56.69,2525,GAS N GO 214,,307393******2525,5541,MID700006
TXN-13A299AAF5,2026-06-29,149.03,9729,QUIKMART 0092,,754976******9729,5499,MID700001
TXN-889976C985,2026-06-04,16.74,4239,TRAVEL PLAZA 12,,871184******4239,5541,MID700003
TXN-DB55C851B7,2026-06-04,63.75,1406,QUIKMART 0092,,309971******1406,5499,MID700001
TXN-DAA2F3228F,2026-06-02,148.68,1885,FUEL STOP #4471,,522194******1885,5541,MID700000
TXN-6BE76034BC,2026-06-13,118.91,3053,GAS N GO 214,,675956******3053,5541,MID700006
TXN-574D8A9995,2026-06-26,158.88,3063,CORNER STORE 3,,921833******3063,5499,MID700005
TXN-A531526996,2026-06-20,43.47,4873,QUIKMART 0092,,911404******4873,5499,MID700001
TXN-72570502DF,2026-06-18,129.42,2838,HWY60 FUEL CTR,,867657******2838,5542,MID700002
TXN-B729C3034C,2026-06-16,82.51,8056,GAS N GO 214,,951853******8056,5541,MID700006
TXN-948F8CC736,2026-06-25,141.38,9006,QUIKMART 0092,,196579******9006,5499,MID700001
TXN-75D7FC3C95,2026-06-21,138.97,4877,FUEL STOP #4471,,682894******4877,5541,MID700000
TXN-DC9892F49F,2026-06-21,85.65,2281,TRAVEL PLAZA 12,,924974******2281,5541,MID700003
TXN-FCEFD2D3BD,2026-06-29,127.08,1560,HWY60 FUEL CTR,,966221******1560,5542,MID700002
TXN-A61CC6BBE7,2026-06-22,79.8,2329,EXPRESS FUEL 8,,373682******2329,5542,MID700004
TXN-ABDC6FD754,2026-06-19,15.41,1526,PANTRY PLUS 77,,888482******1526,5499,MID700007
TXN-EC0AD0E27F,2026-06-05,108.41,7951,CORNER STORE 3,,959950******7951,5499,MID700005
TXN-DE151AA0AB,2026-06-23,165.05,4945,HWY60 FUEL CTR,,707579******4945,5542,MID700002
TXN-31987051DB,2026-06-14,123.16,1559,FUEL STOP #4471,,369982******1559,5541,MID700000
TXN-5E2CC2F280,2026-06-08,78.21,1678,QUIKMART 0092,,434048******1678,5499,MID700001
TXN-E973E21B56,2026-06-15,72.95,3490,HWY60 FUEL CTR,,490534******3490,5542,MID700002
TXN-899CBDA488,2026-06-08,60.7,1380,TRAVEL PLAZA 12,,878957******1380,5541,MID700003
TXN-63A1E0556D,2026-06-10,121.62,3921,PANTRY PLUS 77,,166559******3921,5499,MID700007
TXN-01400C8A86,2026-06-18,127.69,7717,QUIKMART 0092,,953092******7717,5499,MID700001
TXN-4483C86ADA,2026-06-03,120.69,8808,HWY60 FUEL CTR,,333097******8808,5542,MID700002
TXN-3E190AA202,2026-06-23,87.19,3909,FUEL STOP #4471,,151671******3909,5541,MID700000
TXN-22C4EC0C41,2026-06-16,172.25,8568,EXPRESS FUEL 8,,927276******8568,5542,MID700004
TXN-80D22CEA1B,2026-06-19,118.54,8128,PANTRY PLUS 77,,774013******8128,5499,MID700007
TXN-762ED8EB65,2026-06-28,157.38,4006,FUEL STOP #4471,,286244******4006,5541,MID700000
TXN-1A03806EDC,2026-06-24,67.79,1276,CORNER STORE 3,,750736******1276,5499,MID700005
TXN-3949797C3E,2026-06-03,106.26,0130,CORNER STORE 3,,399340******0130,5499,MID700005
TXN-35DEF0ADB1,2026-06-08,39.84,6718,FUEL STOP #4471,,700196******6718,5541,MID700000
TXN-B1EE8B5F11,2026-06-08,84.27,0981,HWY60 FUEL CTR,,630076******0981,5542,MID700002
TXN-6F345CBB54,2026-06-27,80.07,9697,FUEL STOP #4471,,407333******9697,5541,MID700000
TXN-22768F3441,2026-06-07,37.46,9579,QUIKMART 0092,,612873******9579,5499,MID700001
TXN-3D2BF604D2,2026-06-22,65.2,9884,FUEL STOP #4471,,888827******9884,5541,MID700000
TXN-7C20DF2D5A,2026-06-28,89.61,9013,TRAVEL PLAZA 12,R02,290530******9013,5541,MID700003
TXN-F3AC1DC1F0,2026-06-19,111.71,1228,FUEL STOP #4471,,146374******1228,5541,MID700000
TXN-0A2324E093,2026-06-14,150.58,6471,PANTRY PLUS 77,,912287******6471,5499,MID700007
TXN-166AC3F806,2026-06-14,160.66,7848,FUEL STOP #4471,,151808******7848,5541,MID700000
TXN-E86253EC0F,2026-06-16,104.85,7940,CORNER STORE 3,,520905******7940,5499,MID700005
TXN-1A4DE0F3DC,2026-06-25,111.36,3813,HWY60 FUEL CTR,,915778******3813,5542,MID700002
TXN-35B59B592F,2026-06-27,178.6,2846,HWY60 FUEL CTR,,290964******2846,5542,MID700002
TXN-20090759C5,2026-06-26,160.47,8064,EXPRESS FUEL 8,,229789******8064,5542,MID700004
TXN-09ECDDF5F6,2026-06-26,154.31,5301,FUEL STOP #4471,,203218******5301,5541,MID700000
TXN-CFA2FBEC39,2026-06-10,68.23,2580,GAS N GO 214,,897363******2580,5541,MID700006
TXN-20B9DC925C,2026-06-10,136.11,4825,HWY60 FUEL CTR,,482394******4825,5542,MID700002
TXN-5155AFDAB5,2026-06-21,108.32,8129,HWY60 FUEL CTR,,830490******8129,5542,MID700002
TXN-4106BFE768,2026-06-07,56.17,1110,CORNER STORE 3,,779825******1110,5499,MID700005
TXN-21D45F126B,2026-06-16,145.14,9470,TRAVEL PLAZA 12,,486509******9470,5541,MID700003
TXN-B6A9605F68,2026-06-29,176.38,5536,PANTRY PLUS 77,,864079******5536,5499,MID700007
TXN-309D2564A9,2026-06-18,58.77,4612,EXPRESS FUEL 8,,429182******4612,5542,MID700004
TXN-71C7E4A656,2026-06-01,49.15,4781,QUIKMART 0092,,165156******4781,5499,MID700001
TXN-340CA158F9,2026-06-02,58.44,7619,EXPRESS FUEL 8,,392070******7619,5542,MID700004
TXN-FAE9346D09,2026-06-27,78.87,8561,GAS N GO 214,,381420******8561,5541,MID700006
TXN-F7F23301A3,2026-06-19,126.79,2415,QUIKMART 0092,,970330******2415,5499,MID700001
TXN-EE166547DC,2026-06-05,152.63,4225,CORNER STORE 3,,912484******4225,5499,MID700005
TXN-299F11CCDE,2026-06-17,143.98,1843,GAS N GO 214,,673174******1843,5541,MID700006
TXN-0429B0E53B,2026-06-09,78.2,7955,PANTRY PLUS 77,,140577******7955,5499,MID700007
TXN-4DDAF34BC5,2026-06-29,76.45,5535,EXPRESS FUEL 8,,962669******5535,5542,MID700004
TXN-3DBCDD8248,2026-06-20,121.52,3079,PANTRY PLUS 77,,473241******3079,5499,MID700007
TXN-2E30005357,2026-06-28,101.51,9317,FUEL STOP #4471,,408170******9317,5541,MID700000
TXN-592D952EBB,2026-06-30,35.44,0500,TRAVEL PLAZA 12,,437296******0500,5541,MID700003
TXN-DAA460CC0E,2026-06-13,23.19,9375,TRAVEL PLAZA 12,,460713******9375,5541,MID700003
TXN-9FBB4ED734,2026-06-20,147.14,3666,EXPRESS FUEL 8,,922271******3666,5542,MID700004
TXN-8AD5A9411F,2026-06-20,80.53,1676,FUEL STOP #4471,,611224******1676,5541,MID700000
TXN-2CECC9AABA,2026-06-28,60.69,4895,TRAVEL PLAZA 12,,799097******4895,5541,MID700003
TXN-B9FD5BAA7F,2026-06-09,164.64,6628,GAS N GO 214,,450429******6628,5541,MID700006
TXN-47BB8EFEA3,2026-06-10,154.49,9146,HWY60 FUEL CTR,,370563******9146,5542,MID700002
TXN-44D7D9F1E8,2026-06-28,65.67,5428,CORNER STORE 3,,122420******5428,5499,MID700005
TXN-D2F5FEF2D2,2026-06-13,102.42,6768,FUEL STOP #4471,,205049******6768,5541,MID700000
TXN-A04C2C7C19,2026-06-11,119.12,2897,CORNER STORE 3,,117734******2897,5499,MID700005
TXN-08BFEC800B,2026-06-13,85.79,7821,GAS N GO 214,,676707******7821,5541,MID700006
TXN-692D44B95E,2026-06-29,71.82,2112,QUIKMART 0092,,396366******2112,5499,MID700001
TXN-C2EC03F308,2026-06-11,179.36,8031,CORNER STORE 3,,284387******8031,5499,MID700005
TXN-E480FAA0B6,2026-06-23,122.34,0612,GAS N GO 214,,370004******0612,5541,MID700006
TXN-BA4AA492D1,2026-06-18,56.7,2508,TRAVEL PLAZA 12,,581448******2508,5541,MID700003
TXN-33483B4073,2026-06-04,61.65,1741,PANTRY PLUS 77,,202351******1741,5499,MID700007
TXN-EDA218B143,2026-06-11,53.69,0208,QUIKMART 0092,,798075******0208,5499,MID700001
TXN-DDD5A61DE0,2026-06-10,58.58,0820,QUIKMART 0092,,737334******0820,5499,MID700001
TXN-F4B55167DB,2026-06-21,43.13,5857,PANTRY PLUS 77,,653777******5857,5499,MID700007
TXN-2BFD1E7979,2026-06-14,122.06,2732,QUIKMART 0092,,576427******2732,5499,MID700001
TXN-E16045BAC9,2026-06-20,19.75,2140,PANTRY PLUS 77,,202018******2140,5499,MID700007
TXN-6B7AA2DE90,2026-06-22,159.07,8504,QUIKMART 0092,,715230******8504,5499,MID700001
TXN-173F03A637,2026-06-17,155.06,8123,HWY60 FUEL CTR,,232143******8123,5542,MID700002
TXN-5FB0608DCF,2026-06-15,29.52,8166,PANTRY PLUS 77,,767658******8166,5499,MID700007
TXN-F5037897AB,2026-06-29,98.88,3389,PANTRY PLUS 77,,966711******3389,5499,MID700007
TXN-5AC851E7DB,2026-06-25,123.72,0035,CORNER STORE 3,,379454******0035,5499,MID700005
TXN-E67CB16ED9,2026-06-09,115.79,3072,QUIKMART 0092,,317483******3072,5499,MID700001
TXN-F0B869ECEB,2026-06-15,90.47,9655,HWY60 FUEL CTR,,505202******9655,5542,MID700002
TXN-86FEC4FF72,2026-06-27,36.18,6347,CORNER STORE 3,,473051******6347,5499,MID700005
TXN-D85B833BAE,2026-06-23,161.26,8393,EXPRESS FUEL 8,,141630******8393,5542,MID700004
TXN-BC89FBAE8E,2026-06-23,122.26,2913,CORNER STORE 3,,547497******2913,5499,MID700005
TXN-2A3C244DB4,2026-06-01,101.25,0414,GAS N GO 214,,434972******0414,5541,MID700006
TXN-9A83A68CBB,2026-06-02,74.18,7415,QUIKMART 0092,,267725******7415,5499,MID700001
TXN-049CDDEBAC,2026-06-13,78.95,5122,FUEL STOP #4471,,205197******5122,5541,MID700000
TXN-7F1FB10442,2026-06-20,47.42,3170,EXPRESS FUEL 8,,849548******3170,5542,MID700004
TXN-250E9A795C,2026-06-01,69.54,2536,FUEL STOP #4471,,810569******2536,5541,MID700000
TXN-C2865EA54F,2026-06-08,172.9,8529,QUIKMART 0092,,362464******8529,5499,MID700001
TXN-A7E99FA5EF,2026-06-16,179.44,0144,QUIKMART 0092,,584789******0144,5499,MID700001
TXN-8874A511FC,2026-06-18,134.46,0404,CORNER STORE 3,,594390******0404,5499,MID700005
TXN-D3DEB6D1A0,2026-06-21,25.8,3492,GAS N GO 214,,680783******3492,5541,MID700006
TXN-C89346A60A,2026-06-02,29.44,0889,HWY60 FUEL CTR,,762965******0889,5542,MID700002
TXN-B1E1C41C76,2026-06-21,133.85,1036,FUEL STOP #4471,,459459******1036,5541,MID700000
TXN-BCD4A4EFDA,2026-06-16,40.79,3602,HWY60 FUEL CTR,,924604******3602,5542,MID700002
TXN-096813BB3E,2026-06-01,106.33,9094,HWY60 FUEL CTR,R02,184051******9094,5542,MID700002
TXN-32CDDEF784,2026-06-05,41.56,3617,EXPRESS FUEL 8,,539099******3617,5542,MID700004
TXN-F5A341375A,2026-06-04,47.57,9512,PANTRY PLUS 77,,639561******9512,5499,MID700007
TXN-F25CBA45A5,2026-06-05,108.32,5971,CORNER STORE 3,,250951******5971,5499,MID700005
TXN-829DD284E1,2026-06-15,74.19,5004,PANTRY PLUS 77,,188287******5004,5499,MID700007
TXN-C304E8A26E,2026-06-01,155.18,0511,GAS N GO 214,,261087******0511,5541,MID700006
TXN-68ADC92872,2026-06-28,63.01,7613,QUIKMART 0092,,812797******7613,5499,MID700001
TXN-0C343A8C6E,2026-06-22,158.91,2395,PANTRY PLUS 77,R07,727291******2395,5499,MID700007
TXN-B8DD482A5A,2026-06-02,176.8,5309,QUIKMART 0092,,724088******5309,5499,MID700001
TXN-5D7798221A,2026-06-17,56.51,3651,GAS N GO 214,,425804******3651,5541,MID700006
TXN-A651A79A63,2026-06-06,40.96,9863,QUIKMART 0092,,979952******9863,5499,MID700001
TXN-E22E86FAEB,2026-06-19,41.59,8399,FUEL STOP #4471,,737123******8399,5541,MID700000
TXN-D2D9CD2A4B,2026-06-03,50.74,9937,PANTRY PLUS 77,,130733******9937,5499,MID700007
TXN-6208EAD92E,2026-06-15,113.43,1127,TRAVEL PLAZA 12,,899697******1127,5541,MID700003
TXN-1AE80FA66D,2026-06-29,144.34,8246,QUIKMART 0092,,954782******8246,5499,MID700001
TXN-5CED964CE1,2026-06-14,52.87,7899,GAS N GO 214,,910506******7899,5541,MID700006
TXN-BC910AB552,2026-06-18,82.43,3096,FUEL STOP #4471,,674044******3096,5541,MID700000
TXN-99F6388287,2026-06-09,58.11,8783,GAS N GO 214,,433244******8783,5541,MID700006
TXN-DAB7B23658,2026-06-19,71.82,6522,HWY60 FUEL CTR,,738260******6522,5542,MID700002
TXN-CD791459BE,2026-06-23,23.59,6375,FUEL STOP #4471,,863622******6375,5541,MID700000
TXN-FDA73AC409,2026-06-21,100.97,9788,FUEL STOP #4471,,812898******9788,5541,MID700000
TXN-302FC5698B,2026-06-08,116.51,0590,CORNER STORE 3,,975358******0590,5499,MID700005
TXN-5D3F760288,2026-06-03,105.68,9160,CORNER STORE 3,,250931******9160,5499,MID700005
TXN-ED9BF9CCF7,2026-06-11,171.26,8409,EXPRESS FUEL 8,,748518******8409,5542,MID700004
TXN-46C3BC658B,2026-06-19,157.23,7896,QUIKMART 0092,,975598******7896,5499,MID700001
TXN-825392BE3B,2026-06-10,30.35,5603,QUIKMART 0092,,396630******5603,5499,MID700001
TXN-33921EAA9C,2026-06-08,159.0,3387,TRAVEL PLAZA 12,,501600******3387,5541,MID700003
TXN-7FED7FE439,2026-06-02,154.92,6081,CORNER STORE 3,,473564******6081,5499,MID700005
TXN-86A2FB7B03,2026-06-26,84.82,8859,FUEL STOP #4471,,503775******8859,5541,MID700000
TXN-8379573B5D,2026-06-11,74.66,4254,HWY60 FUEL CTR,,806387******4254,5542,MID700002
TXN-DBC8D3CB70,2026-06-06,109.28,9435,TRAVEL PLAZA 12,,372826******9435,5541,MID700003
TXN-C4896B0D7A,2026-06-05,179.27,8470,CORNER STORE 3,,575970******8470,5499,MID700005
TXN-565A99A8F4,2026-06-11,57.86,5903,EXPRESS FUEL 8,,163389******5903,5542,MID700004
TXN-64A22C5A9D,2026-06-17,95.44,7322,QUIKMART 0092,,656134******7322,5499,MID700001
TXN-AB96ECFB87,2026-06-06,71.7,5136,CORNER STORE 3,,564553******5136,5499,MID700005
TXN-FB1211E806,2026-06-28,18.81,3844,EXPRESS FUEL 8,,245017******3844,5542,MID700004
TXN-AE434A2D0A,2026-06-03,32.15,2544,QUIKMART 0092,,940232******2544,5499,MID700001
TXN-82F897BE6A,2026-06-11,157.6,7654,EXPRESS FUEL 8,,444985******7654,5542,MID700004
TXN-C75440DD57,2026-06-30,72.28,8841,TRAVEL PLAZA 12,,971174******8841,5541,MID700003
TXN-0643056862,2026-06-30,96.17,7816,EXPRESS FUEL 8,,939556******7816,5542,MID700004
TXN-1A8C9B4A84,2026-06-13,151.69,3614,EXPRESS FUEL 8,,717441******3614,5542,MID700004
TXN-A949300821,2026-06-03,45.1,4744,QUIKMART 0092,,712238******4744,5499,MID700001
TXN-1036C75B01,2026-06-23,87.34,0134,TRAVEL PLAZA 12,,269636******0134,5541,MID700003
TXN-82E460FB6F,2026-06-05,24.25,6429,QUIKMART 0092,,878629******6429,5499,MID700001
TXN-7A45A0E84A,2026-06-02,47.86,1539,TRAVEL PLAZA 12,,539739******1539,5541,MID700003
TXN-360C963F9B,2026-06-29,23.59,3568,QUIKMART 0092,,885328******3568,5499,MID700001
TXN-219EFA0ABC,2026-06-05,76.28,1466,TRAVEL PLAZA 12,,464321******1466,5541,MID700003
TXN-C73B52E774,2026-06-08,67.26,9148,CORNER STORE 3,,244564******9148,5499,MID700005
TXN-57D9D287D8,2026-06-07,108.51,8906,CORNER STORE 3,,277640******8906,5499,MID700005
TXN-E95951FD3A,2026-06-25,120.27,6210,HWY60 FUEL CTR,,834469******6210,5542,MID700002
TXN-A181D2D371,2026-06-05,116.15,5285,GAS N GO 214,,987473******5285,5541,MID700006
TXN-03B0EAED7A,2026-06-27,79.12,8026,EXPRESS FUEL 8,,149850******8026,5542,MID700004
TXN-C098BD1381,2026-06-24,169.81,6814,CORNER STORE 3,,265757******6814,5499,MID700005
TXN-9F88BC9AB6,2026-06-13,46.26,8621,TRAVEL PLAZA 12,,468033******8621,5541,MID700003
TXN-A89EE8FD6A,2026-06-26,44.77,6579,CORNER STORE 3,,504295******6579,5499,MID700005
TXN-68B57F0040,2026-06-11,115.39,9226,TRAVEL PLAZA 12,,419177******9226,5541,MID700003
TXN-35CFDE8991,2026-06-29,64.8,4920,TRAVEL PLAZA 12,,112349******4920,5541,MID700003
TXN-3C16EBBC2D,2026-06-05,37.84,6014,TRAVEL PLAZA 12,,170472******6014,5541,MID700003
TXN-0C6CE5E6E1,2026-06-19,150.22,1562,EXPRESS FUEL 8,,209449******1562,5542,MID700004
TXN-AA08595B2A,2026-06-24,122.71,9868,FUEL STOP #4471,,447620******9868,5541,MID700000
TXN-3462190618,2026-06-15,139.22,9424,QUIKMART 0092,,423897******9424,5499,MID700001
TXN-7A39B31C5E,2026-06-05,140.74,7879,TRAVEL PLAZA 12,,941390******7879,5541,MID700003
TXN-35AC25DC97,2026-06-22,83.24,5984,CORNER STORE 3,,987673******5984,5499,MID700005
TXN-CD10FEDD0B,2026-06-08,47.95,6124,HWY60 FUEL CTR,,836711******6124,5542,MID700002
TXN-B38C89FBA6,2026-06-15,92.75,5437,TRAVEL PLAZA 12,,149796******5437,5541,MID700003
TXN-4C90A064DA,2026-06-17,22.17,2790,FUEL STOP #4471,,578841******2790,5541,MID700000
TXN-F8BE7913F8,2026-06-01,63.26,6332,TRAVEL PLAZA 12,,239534******6332,5541,MID700003
TXN-56255A3F8C,2026-06-02,55.82,8673,EXPRESS FUEL 8,,828712******8673,5542,MID700004
TXN-3562B8ADA6,2026-06-29,78.88,0482,EXPRESS FUEL 8,,534572******0482,5542,MID700004
TXN-72A9A32BEE,2026-06-14,175.14,9918,CORNER STORE 3,,856611******9918,5499,MID700005
TXN-58F15EBCE6,2026-06-30,176.0,2378,HWY60 FUEL CTR,,952135******2378,5542,MID700002
TXN-C12C94933A,2026-06-15,138.03,4485,HWY60 FUEL CTR,,205259******4485,5542,MID700002
TXN-B5D7230C04,2026-06-23,143.67,2196,PANTRY PLUS 77,,745853******2196,5499,MID700007
TXN-1EFD757360,2026-06-24,125.77,3323,TRAVEL PLAZA 12,,175108******3323,5541,MID700003
TXN-87D0F86B88,2026-06-13,133.83,6457,FUEL STOP #4471,,217920******6457,5541,MID700000
TXN-EC424EBE7A,2026-06-02,46.33,7201,GAS N GO 214,,659789******7201,5541,MID700006
TXN-6507EEE15A,2026-06-17,33.67,9591,HWY60 FUEL CTR,,176616******9591,5542,MID700002
TXN-17586C8F66,2026-06-06,133.53,2024,QUIKMART 0092,,958865******2024,5499,MID700001
TXN-D2B64C7A12,2026-06-30,70.31,2459,HWY60 FUEL CTR,,503416******2459,5542,MID700002
TXN-77C973A779,2026-06-20,141.29,0200,PANTRY PLUS 77,,486356******0200,5499,MID700007
TXN-02A0DAD4E0,2026-06-29,105.31,9134,TRAVEL PLAZA 12,,446319******9134,5541,MID700003
TXN-FB50C5EDCD,2026-06-06,41.62,4659,HWY60 FUEL CTR,,316267******4659,5542,MID700002
TXN-88B91BAF7B,2026-06-16,37.2,4496,CORNER STORE 3,,134446******4496,5499,MID700005
TXN-499E97B7CE,2026-06-23,62.39,9975,CORNER STORE 3,,367795******9975,5499,MID700005
TXN-0A1DCF658A,2026-06-10,176.58,0025,QUIKMART 0092,,895506******0025,5499,MID700001
TXN-4850A5B902,2026-06-07,128.85,4168,QUIKMART 0092,,291058******4168,5499,MID700001
TXN-CA7AE85C6B,2026-06-11,167.18,7849,PANTRY PLUS 77,,636997******7849,5499,MID700007
TXN-3ACE5F40FA,2026-06-10,108.22,5169,FUEL STOP #4471,,307288******5169,5541,MID700000
TXN-DCB506737F,2026-06-19,114.94,3070,QUIKMART 0092,,111696******3070,5499,MID700001
TXN-CE70783EB8,2026-06-10,43.88,6131,FUEL STOP #4471,,812050******6131,5541,MID700000
TXN-306D140DD5,2026-06-05,141.96,1609,HWY60 FUEL CTR,,330671******1609,5542,MID700002
TXN-94E5345712,2026-06-04,100.9,5119,FUEL STOP #4471,,713853******5119,5541,MID700000
TXN-3552B43195,2026-06-01,173.12,9168,QUIKMART 0092,,745230******9168,5499,MID700001
TXN-616BEAB755,2026-06-05,19.78,0826,QUIKMART 0092,,111929******0826,5499,MID700001
TXN-FC72DE77AB,2026-06-25,125.69,8740,QUIKMART 0092,,443565******8740,5499,MID700001
TXN-E6BACE7075,2026-06-08,171.33,2354,EXPRESS FUEL 8,,306102******2354,5542,MID700004
TXN-86B1814793,2026-06-06,61.57,5711,HWY60 FUEL CTR,,107528******5711,5542,MID700002
TXN-5D9C6C83A1,2026-06-06,175.69,6288,QUIKMART 0092,,141897******6288,5499,MID700001
TXN-517469A9D5,2026-06-19,153.06,1873,PANTRY PLUS 77,,228495******1873,5499,MID700007
TXN-CA74973E4C,2026-06-02,29.94,2276,FUEL STOP #4471,,223471******2276,5541,MID700000
TXN-F998DD0EF0,2026-06-30,170.65,7122,CORNER STORE 3,,241947******7122,5499,MID700005
TXN-3B65668A73,2026-06-12,33.1,4623,FUEL STOP #4471,,155625******4623,5541,MID700000
TXN-4D20A2EAF2,2026-06-30,74.45,6835,HWY60 FUEL CTR,,318129******6835,5542,MID700002
TXN-976D63607B,2026-06-26,83.62,7471,GAS N GO 214,,705109******7471,5541,MID700006
TXN-00759F1B8D,2026-06-09,82.79,8948,CORNER STORE 3,,235970******8948,5499,MID700005
TXN-3AAAA899E8,2026-06-09,91.71,1281,QUIKMART 0092,,946964******1281,5499,MID700001
TXN-6FC40EBB90,2026-06-15,99.59,7687,CORNER STORE 3,,630402******7687,5499,MID700005
TXN-418D424D01,2026-06-06,109.52,4780,FUEL STOP #4471,,410234******4780,5541,MID700000
TXN-C4B7CD512E,2026-06-19,136.93,7317,CORNER STORE 3,,827909******7317,5499,MID700005
TXN-37A3B5AC12,2026-06-16,139.21,6765,GAS N GO 214,,490125******6765,5541,MID700006
TXN-6B72D0E7AF,2026-06-10,93.58,8724,TRAVEL PLAZA 12,,392977******8724,5541,MID700003
TXN-F6ED541A6C,2026-06-02,31.07,8704,CORNER STORE 3,,523419******8704,5499,MID700005
TXN-AF500168A5,2026-06-24,125.86,3193,CORNER STORE 3,,490668******3193,5499,MID700005
TXN-09E391F196,2026-06-09,46.86,0388,QUIKMART 0092,,552090******0388,5499,MID700001
TXN-B47EAE46EC,2026-06-21,108.4,3027,QUIKMART 0092,,718493******3027,5499,MID700001
TXN-650F477E92,2026-06-06,143.82,4543,FUEL STOP #4471,,133767******4543,5541,MID700000
TXN-917401BC07,2026-06-05,104.2,7065,TRAVEL PLAZA 12,,577768******7065,5541,MID700003
TXN-2560BC76BC,2026-06-01,168.93,6397,EXPRESS FUEL 8,,536796******6397,5542,MID700004
TXN-9E5A6AF18F,2026-06-08,15.55,7898,QUIKMART 0092,,333265******7898,5499,MID700001
TXN-2063BEA51A,2026-06-15,140.47,4750,TRAVEL PLAZA 12,,666162******4750,5541,MID700003
TXN-71848D7F00,2026-06-05,20.89,0415,TRAVEL PLAZA 12,,162441******0415,5541,MID700003
TXN-FD8B31B70E,2026-06-02,81.91,3468,PANTRY PLUS 77,,895385******3468,5499,MID700007
TXN-204C729D17,2026-06-08,130.71,2138,FUEL STOP #4471,,157891******2138,5541,MID700000
TXN-5DB61A85F3,2026-06-08,25.41,3320,GAS N GO 214,,171805******3320,5541,MID700006
TXN-26B87E01D9,2026-06-06,70.36,1978,EXPRESS FUEL 8,,903581******1978,5542,MID700004
TXN-0EB94BC722,2026-06-01,160.14,1322,FUEL STOP #4471,,790024******1322,5541,MID700000
TXN-9B91D4683F,2026-06-15,82.99,2859,FUEL STOP #4471,,247721******2859,5541,MID700000
TXN-CA43CAF72A,2026-06-20,74.71,8842,TRAVEL PLAZA 12,R09,535645******8842,5541,MID700003
TXN-49E7108208,2026-06-21,75.09,3433,GAS N GO 214,,521898******3433,5541,MID700006
TXN-6BE313363E,2026-06-08,134.03,9710,CORNER STORE 3,,333258******9710,5499,MID700005
TXN-3925735450,2026-06-19,94.93,7141,HWY60 FUEL CTR,,791243******7141,5542,MID700002
TXN-6C342CFE98,2026-06-09,37.52,7627,PANTRY PLUS 77,,875271******7627,5499,MID700007
TXN-9D4BB359E9,2026-06-14,156.4,8015,TRAVEL PLAZA 12,,895019******8015,5541,MID700003
TXN-07C087CD73,2026-06-19,163.21,6844,FUEL STOP #4471,,788838******6844,5541,MID700000
TXN-24A174BDB0,2026-06-01,129.37,6662,TRAVEL PLAZA 12,,725300******6662,5541,MID700003
TXN-C57AD1E506,2026-06-25,37.87,6641,HWY60 FUEL CTR,,729350******6641,5542,MID700002
TXN-95E8E50670,2026-06-20,104.5,3393,QUIKMART 0092,,276492******3393,5499,MID700001
TXN-258ABCDBCC,2026-06-21,107.2,1097,TRAVEL PLAZA 12,,302967******1097,5541,MID700003
TXN-0578D78DE7,2026-06-29,59.11,6929,EXPRESS FUEL 8,,102638******6929,5542,MID700004
TXN-E71E4F14B7,2026-06-22,170.99,1075,TRAVEL PLAZA 12,,913056******1075,5541,MID700003
TXN-6AE76B030C,2026-06-17,172.1,0371,EXPRESS FUEL 8,,298686******0371,5542,MID700004
TXN-AC7A8879E4,2026-06-17,121.37,6745,CORNER STORE 3,,257699******6745,5499,MID700005
TXN-24F92822BE,2026-06-08,94.9,4720,FUEL STOP #4471,,509970******4720,5541,MID700000
TXN-9753BAF27F,2026-06-06,54.25,0674,CORNER STORE 3,,479457******0674,5499,MID700005
TXN-CFE2F88A4E,2026-06-04,166.87,6628,PANTRY PLUS 77,,450429******6628,5499,MID700007
TXN-9E7BBE2846,2026-06-25,176.81,9399,HWY60 FUEL CTR,R29,717440******9399,5542,MID700002
TXN-938CC31DAF,2026-06-15,73.97,5347,FUEL STOP #4471,,240984******5347,5541,MID700000
TXN-52D5545FD1,2026-06-13,47.08,5206,FUEL STOP #4471,R16,942071******5206,5541,MID700000
TXN-4CF6E29137,2026-06-15,137.35,6809,PANTRY PLUS 77,,710489******6809,5499,MID700007
TXN-16E68BC226,2026-06-11,25.91,9677,GAS N GO 214,,286993******9677,5541,MID700006
TXN-7B3C24AA1A,2026-06-02,150.76,4947,EXPRESS FUEL 8,,153387******4947,5542,MID700004
TXN-14F1B99DA7,2026-06-06,96.16,4009,FUEL STOP #4471,,570554******4009,5541,MID700000
TXN-D205E2246E,2026-06-04,76.58,9425,FUEL STOP #4471,,303196******9425,5541,MID700000
TXN-C21C8DDA4A,2026-06-10,63.12,1258,TRAVEL PLAZA 12,,950101******1258,5541,MID700003
TXN-08575E1233,2026-06-04,103.18,5761,HWY60 FUEL CTR,,850495******5761,5542,MID700002
TXN-6E1205B27F,2026-06-20,128.79,8612,QUIKMART 0092,,723198******8612,5499,MID700001
TXN-B12BB43F6C,2026-06-11,43.41,4991,FUEL STOP #4471,,892268******4991,5541,MID700000
TXN-30A97E0401,2026-06-01,142.82,7065,FUEL STOP #4471,,577768******7065,5541,MID700000
TXN-A02B495DC9,2026-06-20,48.89,3277,HWY60 FUEL CTR,,849319******3277,5542,MID700002
TXN-8BF2C0BEED,2026-06-03,31.35,9472,FUEL STOP #4471,,347611******9472,5541,MID700000
TXN-256331F112,2026-06-23,112.25,7203,QUIKMART 0092,,924418******7203,5499,MID700001
TXN-51494F784D,2026-06-23,62.56,0665,QUIKMART 0092,,323589******0665,5499,MID700001
TXN-2F717A1269,2026-06-03,162.63,7793,CORNER STORE 3,,290952******7793,5499,MID700005
TXN-533D6367CC,2026-06-30,162.25,2764,QUIKMART 0092,,480391******2764,5499,MID700001
TXN-79674C147A,2026-06-25,145.27,6557,CORNER STORE 3,,987623******6557,5499,MID700005
TXN-AF6A2911CC,2026-06-04,136.74,1117,PANTRY PLUS 77,,867654******1117,5499,MID700007
TXN-88C80CFE17,2026-06-07,63.44,8157,PANTRY PLUS 77,,741767******8157,5499,MID700007
TXN-8D4B72B71A,2026-06-15,90.84,0538,HWY60 FUEL CTR,,764200******0538,5542,MID700002
TXN-820496AC40,2026-06-22,104.0,7697,PANTRY PLUS 77,,916535******7697,5499,MID700007
TXN-CA66F60334,2026-06-05,153.09,5715,FUEL STOP #4471,,848515******5715,5541,MID700000
TXN-5057D9E4B9,2026-06-23,25.81,4995,QUIKMART 0092,,666241******4995,5499,MID700001
TXN-C1A58C5956,2026-06-13,109.11,5282,QUIKMART 0092,,640022******5282,5499,MID700001
TXN-40F63B1D15,2026-06-28,175.73,1234,TRAVEL PLAZA 12,,621237******1234,5541,MID700003
TXN-51D84A5648,2026-06-26,102.63,6997,TRAVEL PLAZA 12,,359661******6997,5541,MID700003
TXN-93FB7E89C6,2026-06-18,44.8,0304,HWY60 FUEL CTR,,812787******0304,5542,MID700002
TXN-73BCD6DEAD,2026-06-21,24.88,3287,CORNER STORE 3,,627201******3287,5499,MID700005
TXN-6133D786A0,2026-06-10,121.6,4201,TRAVEL PLAZA 12,,147806******4201,5541,MID700003
TXN-A0BC0E541F,2026-06-05,19.81,4551,HWY60 FUEL CTR,,216790******4551,5542,MID700002
TXN-FB21BE8DFE,2026-06-22,123.48,1479,GAS N GO 214,,595140******1479,5541,MID700006
TXN-C5DBCBE313,2026-06-29,29.89,9827,QUIKMART 0092,,544138******9827,5499,MID700001
TXN-75F56AFEE5,2026-06-14,56.96,9658,FUEL STOP #4471,,495725******9658,5541,MID700000
TXN-DAFBC384F5,2026-06-27,65.85,9925,FUEL STOP #4471,,942752******9925,5541,MID700000
TXN-6E6F41D33E,2026-06-04,103.26,3872,PANTRY PLUS 77,,165593******3872,5499,MID700007
TXN-41C7BE56E1,2026-06-21,67.34,6656,FUEL STOP #4471,,927519******6656,5541,MID700000
TXN-9DB700AAC2,2026-06-09,98.55,5764,GAS N GO 214,,654054******5764,5541,MID700006
TXN-13BCA296F7,2026-06-21,65.42,9434,QUIKMART 0092,,265314******9434,5499,MID700001
TXN-C362EFE3FE,2026-06-05,58.01,9716,CORNER STORE 3,,820555******9716,5499,MID700005
TXN-3B266415F1,2026-06-21,52.74,1457,PANTRY PLUS 77,,690734******1457,5499,MID700007
TXN-1B3DC472D9,2026-06-14,142.6,7433,PANTRY PLUS 77,,719303******7433,5499,MID700007
TXN-2C0F3739A1,2026-06-10,134.91,3102,GAS N GO 214,,603024******3102,5541,MID700006
TXN-BBB41053EF,2026-06-28,68.34,6513,TRAVEL PLAZA 12,,818359******6513,5541,MID700003
TXN-86FA2E0227,2026-06-26,113.71,0745,FUEL STOP #4471,R05,895782******0745,5541,MID700000
TXN-2102DDBE4E,2026-06-15,36.77,5198,GAS N GO 214,,452367******5198,5541,MID700006
TXN-62B7F8EA73,2026-06-25,167.91,8470,CORNER STORE 3,,575970******8470,5499,MID700005
TXN-B6FE05B77D,2026-06-06,20.92,4263,HWY60 FUEL CTR,,506087******4263,5542,MID700002
TXN-2284E99F89,2026-06-04,72.68,3337,EXPRESS FUEL 8,,499971******3337,5542,MID700004
TXN-E0AA69FD21,2026-06-03,55.62,8161,QUIKMART 0092,,480422******8161,5499,MID700001
TXN-5097FFEC2D,2026-06-22,94.18,4412,FUEL STOP #4471,,333604******4412,5541,MID700000
TXN-89143C6036,2026-06-10,68.32,0909,QUIKMART 0092,,676503******0909,5499,MID700001
TXN-4CBEE95153,2026-06-21,139.17,2525,QUIKMART 0092,,307393******2525,5499,MID700001
TXN-1652A18FAA,2026-06-13,93.61,9225,GAS N GO 214,,494523******9225,5541,MID700006
TXN-46E722ED84,2026-06-30,96.73,8596,QUIKMART 0092,,429111******8596,5499,MID700001
TXN-867BD59C0B,2026-06-03,166.35,8411,QUIKMART 0092,,746979******8411,5499,MID700001
TXN-1E497A94FD,2026-06-26,45.06,6438,FUEL STOP #4471,,551905******6438,5541,MID700000
TXN-D180127BDF,2026-06-06,27.91,9896,EXPRESS FUEL 8,,359787******9896,5542,MID700004
TXN-C123DB3072,2026-06-16,64.96,5910,GAS N GO 214,,366329******5910,5541,MID700006
TXN-1C261EB770,2026-06-27,118.3,8824,TRAVEL PLAZA 12,,402846******8824,5541,MID700003
TXN-00ABFDB984,2026-06-08,48.22,9329,GAS N GO 214,,682189******9329,5541,MID700006
TXN-B8651E677F,2026-06-16,99.7,7993,TRAVEL PLAZA 12,,882546******7993,5541,MID700003
TXN-B7789AEDB7,2026-06-23,86.98,2643,EXPRESS FUEL 8,,642342******2643,5542,MID700004
TXN-CCD94BA239,2026-06-24,132.38,6829,CORNER STORE 3,,820235******6829,5499,MID700005
TXN-38F54A2D8C,2026-06-14,170.6,8089,EXPRESS FUEL 8,,263610******8089,5542,MID700004
TXN-7FCCC8EDD9,2026-06-04,116.9,1977,TRAVEL PLAZA 12,,100956******1977,5541,MID700003
TXN-FCFC9D1882,2026-06-02,167.89,7173,PANTRY PLUS 77,,582485******7173,5499,MID700007
TXN-BC7D25D13F,2026-06-07,165.31,2572,EXPRESS FUEL 8,,915335******2572,5542,MID700004
TXN-424B6A3C8C,2026-06-01,55.48,7760,CORNER STORE 3,,531816******7760,5499,MID700005
TXN-F8AF7CB815,2026-06-14,83.21,6706,PANTRY PLUS 77,,479835******6706,5499,MID700007
TXN-CAAE0ABA84,2026-06-25,42.11,1007,GAS N GO 214,,786157******1007,5541,MID700006
TXN-E048EB738C,2026-06-22,130.63,4986,CORNER STORE 3,,139495******4986,5499,MID700005
TXN-E186BE8838,2026-06-23,71.97,6627,TRAVEL PLAZA 12,,127251******6627,5541,MID700003
TXN-0C93CBF105,2026-06-11,139.91,2621,FUEL STOP #4471,,595334******2621,5541,MID700000
TXN-4B7FCF9EA8,2026-06-12,35.43,2043,PANTRY PLUS 77,,894659******2043,5499,MID700007
TXN-B8359D51BD,2026-06-12,64.37,9384,HWY60 FUEL CTR,,328239******9384,5542,MID700002
TXN-31A68CD9AF,2026-06-02,85.11,2130,PANTRY PLUS 77,,591987******2130,5499,MID700007
TXN-22B2BD137B,2026-06-16,135.73,6830,HWY60 FUEL CTR,,571038******6830,5542,MID700002
TXN-19025F47C2,2026-06-12,167.08,1945,GAS N GO 214,R02,822930******1945,5541,MID700006
TXN-3D715D699E,2026-06-02,169.58,4999,EXPRESS FUEL 8,,242307******4999,5542,MID700004
TXN-C8777D5CA6,2026-06-16,152.69,9923,HWY60 FUEL CTR,,398635******9923,5542,MID700002
TXN-BADB9CB818,2026-06-13,70.93,0750,PANTRY PLUS 77,,240375******0750,5499,MID700007
TXN-C80A8F43DD,2026-06-20,104.4,0866,TRAVEL PLAZA 12,,655855******0866,5541,MID700003
TXN-60D066D541,2026-06-03,148.14,9942,CORNER STORE 3,,554467******9942,5499,MID700005
TXN-C2FA0F2B41,2026-06-06,62.08,2992,EXPRESS FUEL 8,,830870******2992,5542,MID700004
TXN-039388F458,2026-06-29,68.5,6152,QUIKMART 0092,,637899******6152,5499,MID700001
TXN-4FA38C461A,2026-06-01,82.24,3829,FUEL STOP #4471,,543780******3829,5541,MID700000
TXN-86E707D4F0,2026-06-05,76.6,2755,TRAVEL PLAZA 12,,212739******2755,5541,MID700003
